# Voltage,Current
-0.00284 0.00000
-0.00237 4449.00000
-0.00136 4906.00000
-0.00019 5348.00000
0.00107 5806.00000
0.00177 6405.00000
0.00333 6860.00000
0.00333 7308.00000
0.00458 7628.00000
0.00552 8222.00000
0.00630 8687.00000
0.00779 9147.00000
0.00872 9742.00000
0.00951 10202.00000
0.01060 10645.00000
0.01162 11112.00000
0.01271 11712.00000
0.01380 12164.00000
0.01482 12625.00000
0.01584 13224.00000
0.01677 13681.00000
0.01818 14136.00000
0.01881 14599.00000
0.01982 15194.00000
0.02029 15647.00000
0.02178 16107.00000
0.02310 16704.00000
0.02381 17173.00000
0.02482 17621.00000
0.02576 18084.00000
0.02662 18684.00000
0.02818 19137.00000
0.02873 19589.00000
0.02967 20037.00000
0.03108 20638.00000
0.03217 21101.00000
0.03311 21561.00000
0.03381 22161.00000
0.03498 22622.00000
0.03584 23074.00000
0.03694 23536.00000
0.03748 24150.00000
0.03920 24597.00000
0.03975 25050.00000
0.04108 25499.00000
0.04155 25951.00000
0.04288 26408.00000
0.04389 26877.00000
0.04491 27477.00000
0.04530 27929.00000
0.04710 28386.00000
0.04764 28998.00000
0.04889 29443.00000
0.04944 29894.00000
0.05093 30361.00000
0.05179 30954.00000
0.05280 31417.00000
0.05358 31879.00000
0.05515 32331.00000
0.05577 32941.00000
0.05702 33391.00000
0.05812 33853.00000
0.05882 34445.00000
0.05976 34890.00000
0.06062 35345.00000
0.06226 35801.00000
0.06281 36403.00000
0.06390 36854.00000
0.06460 37317.00000
0.06640 37925.00000
0.06687 38384.00000
0.06765 38837.00000
0.06914 39291.00000
0.07000 39888.00000
0.07101 40341.00000
0.07203 40795.00000
0.07312 41404.00000
0.07398 41851.00000
0.07453 42300.00000
0.07586 42621.00000
0.07656 43221.00000
0.07804 43675.00000
0.07851 44129.00000
0.08000 44586.00000
0.08078 45191.00000
0.08156 45651.00000
0.08297 46112.00000
0.08391 46712.00000
0.08484 47168.00000
0.08547 47624.00000
0.08695 48090.00000
0.08828 48691.00000
0.08883 49130.00000
0.09000 49591.00000
0.09078 50196.00000
0.09180 50648.00000
0.09282 51116.00000
0.09407 51561.00000
0.09477 52166.00000
0.09602 52622.00000
0.09711 53084.00000
0.09790 53686.00000
0.09899 54136.00000
0.09899 54582.00000
0.10094 55048.00000
0.10204 55648.00000
0.10282 56106.00000
0.10368 56557.00000
0.10516 57013.00000
0.10571 57615.00000
0.10688 58077.00000
0.10806 58536.00000
0.10938 59126.00000
0.11017 59588.00000
0.11063 60024.00000
0.11181 60342.00000
0.11274 60944.00000
0.11415 61403.00000
0.11525 61859.00000
0.11595 62460.00000
0.11689 62925.00000
0.11743 63383.00000
0.11868 63843.00000
0.11993 64445.00000
0.12095 64893.00000
0.12173 65358.00000
0.12314 65952.00000
0.12376 66404.00000
0.12486 66860.00000
0.12595 67316.00000
0.12666 67920.00000
0.12783 68369.00000
0.12884 68824.00000
0.13009 69291.00000
0.13072 69888.00000
0.13189 70341.00000
0.13306 70801.00000
0.13424 71409.00000
0.13486 71865.00000
0.13549 72317.00000
0.13713 72784.00000
0.13822 73366.00000
0.13908 73823.00000
0.14025 74277.00000
0.14111 74884.00000
0.14197 75346.00000
0.14283 75790.00000
0.14416 76252.00000
0.14494 76852.00000
0.14588 77302.00000
0.14666 77616.00000
0.14807 78203.00000
0.14869 78660.00000
0.14948 79120.00000
0.15112 79579.00000
0.15151 80188.00000
0.15315 80633.00000
0.15354 81090.00000
0.15463 81544.00000
0.15620 82156.00000
0.15651 82620.00000
0.15784 83067.00000
0.15862 83655.00000
0.15979 84103.00000
0.16065 84560.00000
0.16198 85037.00000
0.16300 85632.00000
0.16378 86087.00000
0.16518 86551.00000
0.16573 87160.00000
0.16706 87611.00000
0.16800 88064.00000
0.16894 88516.00000
0.16995 89112.00000
0.17081 89571.00000
0.17237 90025.00000
0.17300 90629.00000
0.17417 91097.00000
0.17519 91547.00000
0.17620 92005.00000
0.17714 92596.00000
0.17808 93045.00000
0.17863 93506.00000
0.18019 93957.00000
0.18121 94563.00000
0.18167 95017.00000
0.18285 95340.00000
0.18410 95939.00000
0.18472 96398.00000
0.18558 96859.00000
0.18660 97312.00000
0.18761 97900.00000
0.18840 98360.00000
0.19051 98809.00000
0.19113 99416.00000
0.19207 99878.00000
0.19269 100330.00000
0.19387 100795.00000
0.19519 101399.00000
0.19551 101854.00000
0.19715 102306.00000
0.19848 102904.00000
0.19887 103357.00000
0.19988 103818.00000
0.20082 104269.00000
0.20215 104875.00000
0.20309 105336.00000
0.20379 105791.00000
0.20496 106255.00000
0.20606 106862.00000
0.20684 107297.00000
0.20801 107761.00000
0.20911 108359.00000
0.21012 108813.00000
0.21114 109285.00000
0.21200 109735.00000
0.21301 110334.00000
0.21372 110792.00000
0.21559 111257.00000
0.21598 111846.00000
0.21716 112294.00000
0.21731 112744.00000
0.21887 113056.00000
0.22005 113651.00000
0.22075 114123.00000
0.22208 114569.00000
0.22286 115165.00000
0.22403 115628.00000
0.22481 116077.00000
0.22591 116547.00000
0.22692 117139.00000
0.22794 117589.00000
0.22880 118045.00000
0.23013 118510.00000
0.23099 119112.00000
0.23185 119573.00000
0.23318 120027.00000
0.23419 120632.00000
0.23505 121089.00000
0.23568 121543.00000
0.23716 121993.00000
0.23771 122599.00000
0.23880 123050.00000
0.24029 123507.00000
0.24107 124107.00000
0.24201 124562.00000
0.24302 125025.00000
0.24427 125478.00000
0.24498 126087.00000
0.24592 126541.00000
0.24740 126993.00000
0.24810 127596.00000
0.24920 128054.00000
0.25006 128509.00000
0.25115 128961.00000
0.25217 129553.00000
0.25279 130007.00000
0.25350 130323.00000
0.25506 130786.00000
0.25615 131383.00000
0.25686 131831.00000
0.25795 132298.00000
0.25897 132891.00000
0.25990 133346.00000
0.26092 133809.00000
0.26209 134269.00000
0.26295 134873.00000
0.26405 135327.00000
0.26498 135786.00000
0.26577 136373.00000
0.26647 136830.00000
0.26780 137286.00000
0.26928 137747.00000
0.27006 138357.00000
0.27108 138797.00000
0.27202 139257.00000
0.27342 139861.00000
0.27413 140321.00000
0.27452 140779.00000
0.27608 141229.00000
0.27733 141828.00000
0.27772 142277.00000
0.27882 142730.00000
0.28046 143202.00000
0.28101 143804.00000
0.28218 144247.00000
0.28304 144707.00000
0.28398 145316.00000
0.28476 145772.00000
0.28554 146224.00000
0.28718 146674.00000
0.28827 147278.00000
0.28898 147736.00000
0.29007 148044.00000
0.29046 148650.00000
0.29187 149101.00000
0.29265 149556.00000
0.29390 150027.00000
0.29492 150619.00000
0.29562 151067.00000
0.29726 151521.00000
0.29812 152118.00000
0.29882 152573.00000
0.29984 153026.00000
0.30125 153493.00000
0.30148 154104.00000
0.30265 154547.00000
0.30383 155017.00000
0.30500 155460.00000
0.30625 156061.00000
0.30680 156522.00000
0.30797 156973.00000
0.30898 157580.00000
0.31008 158029.00000
0.31078 158489.00000
0.31180 158959.00000
0.31297 159561.00000
0.31399 160015.00000
0.31539 160466.00000
0.31633 161061.00000
0.31711 161516.00000
0.31797 161972.00000
0.31907 162425.00000
0.32032 163024.00000
0.32125 163487.00000
0.32211 163945.00000
0.32305 164548.00000
0.32407 165011.00000
0.32454 165310.00000
0.32602 165748.00000
0.32665 166350.00000
0.32758 166809.00000
0.32876 167267.00000
0.33024 167721.00000
0.33087 168323.00000
0.33188 168785.00000
0.33313 169241.00000
0.33407 169852.00000
0.33493 170286.00000
0.33556 170741.00000
0.33673 171198.00000
0.33782 171802.00000
0.33899 172275.00000
0.34009 172714.00000
0.34095 173323.00000
0.34189 173790.00000
0.34275 174245.00000
0.34392 174704.00000
0.34532 175298.00000
0.34572 175740.00000
0.34712 176202.00000
0.34767 176808.00000
0.34900 177258.00000
0.35017 177725.00000
0.35142 178177.00000
0.35212 178782.00000
0.35345 179245.00000
0.35392 179700.00000
0.35533 180155.00000
0.35603 180764.00000
0.35705 181206.00000
0.35838 181661.00000
0.35892 182278.00000
0.35970 182724.00000
0.36033 183030.00000
0.36205 183494.00000
0.36306 184095.00000
0.36408 184551.00000
0.36478 185006.00000
0.36603 185604.00000
0.36689 186052.00000
0.36775 186519.00000
0.36893 186979.00000
0.37002 187576.00000
0.37088 188041.00000
0.37213 188491.00000
0.37307 189101.00000
0.37401 189546.00000
0.37494 190001.00000
0.37635 190464.00000
0.37698 191054.00000
0.37807 191510.00000
0.37877 191968.00000
0.38026 192422.00000
0.38112 193022.00000
0.38159 193486.00000
0.38299 193944.00000
0.38393 194533.00000
0.38503 194994.00000
0.38596 195452.00000
0.38714 195910.00000
0.38823 196529.00000
0.38940 196963.00000
0.39018 197426.00000
0.39112 198029.00000
0.39206 198490.00000
0.39268 198958.00000
0.39401 199394.00000
0.39519 199995.00000
0.39612 200443.00000
0.39698 200755.00000
0.39792 201373.00000
0.39894 201808.00000
0.39972 202268.00000
0.40112 202730.00000
0.40183 203332.00000
0.40300 203796.00000
0.40370 204238.00000
0.40535 204682.00000
0.40589 205295.00000
0.40722 205746.00000
0.40785 206223.00000
0.40910 206814.00000
0.40964 207267.00000
0.41089 207727.00000
0.41222 208182.00000
0.41285 208784.00000
0.41386 209243.00000
0.41511 209693.00000
0.41597 210288.00000
0.41722 210755.00000
0.41824 211210.00000
0.41933 211670.00000
0.42019 212280.00000
0.42137 212726.00000
0.42246 213191.00000
0.42309 213783.00000
0.42434 214234.00000
0.42527 214694.00000
0.42621 215139.00000
0.42707 215754.00000
0.42785 216211.00000
0.42895 216657.00000
0.43043 217125.00000
0.43059 217731.00000
0.43199 218034.00000
0.43317 218496.00000
0.43395 219089.00000
0.43489 219549.00000
0.43567 219995.00000
0.43668 220457.00000
0.43793 221062.00000
0.43903 221511.00000
0.44036 221981.00000
0.44083 222576.00000
0.44239 223032.00000
0.44262 223480.00000
0.44419 223929.00000
0.44489 224533.00000
0.44591 224985.00000
0.44731 225449.00000
0.44817 226049.00000
0.44919 226506.00000
0.45028 226958.00000
0.45114 227424.00000
0.45255 228030.00000
0.45325 228467.00000
0.45419 228916.00000
0.45505 229366.00000
0.45630 229973.00000
0.45700 230443.00000
0.45849 230895.00000
0.45927 231498.00000
0.45997 231960.00000
0.46107 232414.00000
0.46224 232880.00000
0.46310 233467.00000
0.46419 233919.00000
0.46513 234376.00000
0.46623 234988.00000
0.46693 235450.00000
0.46787 235749.00000
0.46904 236198.00000
0.46990 236813.00000
0.47115 237265.00000
0.47216 237739.00000
0.47279 238326.00000
0.47396 238773.00000
0.47467 239225.00000
0.47599 239677.00000
0.47709 240288.00000
0.47787 240743.00000
0.47889 241197.00000
0.48037 241653.00000
0.48100 242264.00000
0.48193 242717.00000
0.48318 243170.00000
0.48397 243778.00000
0.48490 244221.00000
0.48631 244674.00000
0.48725 245140.00000
0.48780 245733.00000
0.48905 246205.00000
0.49022 246650.00000
0.49131 247267.00000
0.49233 247706.00000
0.49303 248156.00000
0.49444 248619.00000
0.49522 249222.00000
0.49616 249678.00000
0.49717 250138.00000
0.49850 250732.00000
0.49889 251197.00000
0.49999 251664.00000
0.50155 252113.00000
0.50210 252702.00000
0.50296 253005.00000
0.50413 253467.00000
0.50507 253907.00000
0.50608 254522.00000
0.50671 254985.00000
0.50811 255432.00000
0.50905 256037.00000
0.51007 256501.00000
0.51093 256960.00000
0.51218 257414.00000
0.51312 258013.00000
0.51405 258458.00000
0.51546 258919.00000
0.51593 259534.00000
0.51718 259975.00000
0.51749 260430.00000
0.51937 260886.00000
0.51984 261490.00000
0.52109 261959.00000
0.52226 262400.00000
0.52320 263005.00000
0.52398 263462.00000
0.52531 263906.00000
0.52656 264389.00000
0.52703 264981.00000
0.52812 265437.00000
0.52906 265891.00000
0.53031 266351.00000
0.53117 266957.00000
0.53242 267404.00000
0.53351 267845.00000
0.53445 268444.00000
0.53516 268906.00000
0.53594 269365.00000
0.53734 269817.00000
0.53766 270433.00000
0.53914 270723.00000
0.54024 271187.00000
0.54149 271785.00000
0.54219 272239.00000
0.54274 272691.00000
0.54422 273154.00000
0.54492 273763.00000
0.54602 274219.00000
0.54703 274677.00000
0.54821 275291.00000
0.54883 275738.00000
0.54969 276199.00000
0.55118 276652.00000
0.55204 277246.00000
0.55297 277708.00000
0.55407 278153.00000
0.55524 278605.00000
0.55594 279215.00000
0.55719 279670.00000
0.55798 280131.00000
0.55930 280738.00000
0.56001 281197.00000
0.56095 281656.00000
0.56212 282097.00000
0.56306 282705.00000
0.56399 283161.00000
0.56532 283610.00000
0.56681 284215.00000
0.56720 284667.00000
0.56790 285125.00000
0.56946 285589.00000
0.57040 286203.00000
0.57071 286641.00000
0.57212 287092.00000
0.57306 287699.00000
0.57368 288152.00000
0.57486 288456.00000
0.57595 288913.00000
0.57736 289522.00000
0.57783 289976.00000
0.57892 290444.00000
0.58009 290898.00000
0.58119 291486.00000
0.58197 291942.00000
0.58306 292394.00000
0.58447 293009.00000
0.58541 293482.00000
0.58611 293926.00000
0.58697 294386.00000
0.58822 294996.00000
0.58924 295454.00000
0.59033 295918.00000
0.59158 296505.00000
0.59228 296958.00000
0.59314 297413.00000
0.59400 297862.00000
0.59494 298486.00000
0.59635 298940.00000
0.59729 299382.00000
0.59869 299991.00000
0.59924 300454.00000
0.60026 300897.00000
0.60158 301348.00000
0.60213 301961.00000
0.60323 302402.00000
0.60424 302861.00000
0.60573 303328.00000
0.60612 303928.00000
0.60752 304392.00000
0.60893 304843.00000
0.60870 305456.00000
0.60979 305745.00000
0.61081 306204.00000
0.61206 306652.00000
0.61315 307259.00000
0.61393 307716.00000
0.61510 308175.00000
0.61604 308767.00000
0.61706 309235.00000
0.61800 309682.00000
0.61917 310138.00000
0.62011 310742.00000
0.62065 311186.00000
0.62245 311647.00000
0.62323 312253.00000
0.62394 312707.00000
0.62511 313165.00000
0.62605 313616.00000
0.62714 314235.00000
0.62839 314690.00000
0.62894 315150.00000
0.63066 315588.00000
0.63113 316190.00000
0.63175 316638.00000
0.63331 317097.00000
0.63441 317709.00000
0.63503 318148.00000
0.63636 318601.00000
0.63761 319056.00000
0.63824 319660.00000
0.63941 320142.00000
0.64011 320568.00000
0.64129 321175.00000
0.64246 321631.00000
0.64347 322088.00000
0.64433 322554.00000
0.64504 323145.00000
0.64574 323449.00000
0.64723 323909.00000
0.64816 324517.00000
0.64894 324993.00000
0.65004 325427.00000
0.65145 325873.00000
0.65215 326479.00000
0.65277 326938.00000
0.65379 327412.00000
0.65551 327850.00000
0.65629 328455.00000
0.65707 328911.00000
0.65832 329368.00000
0.65926 329983.00000
0.66020 330430.00000
0.66114 330878.00000
0.66223 331331.00000
0.66301 331943.00000
0.66395 332401.00000
0.66528 332857.00000
0.66637 333466.00000
0.66723 333908.00000
0.66801 334380.00000
0.66942 334826.00000
0.67012 335420.00000
0.67075 335885.00000
0.67223 336323.00000
0.67325 336941.00000
0.67434 337394.00000
0.67497 337846.00000
0.67653 338315.00000
0.67739 338922.00000
0.67817 339373.00000
0.67911 339826.00000
0.68013 340270.00000
0.68114 340733.00000
0.68208 341172.00000
0.68286 341629.00000
0.68411 342247.00000
0.68474 342692.00000
0.68615 343158.00000
0.68724 343613.00000
0.68786 344230.00000
0.68888 344667.00000
0.69037 345116.00000
0.69115 345721.00000
0.69169 346181.00000
0.69279 346629.00000
0.69419 347084.00000
0.69513 347682.00000
0.69576 348138.00000
0.69740 348604.00000
0.69849 349219.00000
0.69912 349655.00000
0.70029 350108.00000
0.70178 350565.00000
0.70240 351175.00000
0.70326 351651.00000
0.70428 352087.00000
0.70521 352544.00000
0.70631 353154.00000
0.70740 353609.00000
0.70834 354088.00000
0.70943 354673.00000
0.71029 355123.00000
0.71115 355576.00000
0.71256 356033.00000
0.71350 356645.00000
0.71405 357101.00000
0.71506 357548.00000
0.71600 358151.00000
0.71717 358466.00000
0.71803 358930.00000
0.71905 359362.00000
0.72022 359971.00000
0.72092 360424.00000
0.72233 360880.00000
0.72319 361487.00000
0.72436 361943.00000
0.72514 362395.00000
0.72639 362850.00000
0.72694 363466.00000
0.72843 363917.00000
0.72882 364365.00000
0.73022 364815.00000
0.73108 365414.00000
0.73249 365879.00000
0.73327 366339.00000
0.73436 366939.00000
0.73515 367410.00000
0.73640 367848.00000
0.73749 368310.00000
0.73835 368915.00000
0.73890 369363.00000
0.74054 369828.00000
0.74124 370426.00000
0.74241 370881.00000
0.74296 371339.00000
0.74476 371787.00000
0.74523 372398.00000
0.74671 372865.00000
0.74765 373323.00000
0.74843 373919.00000
0.74945 374370.00000
0.74992 374824.00000
0.75148 375284.00000
0.75211 375903.00000
0.75289 376186.00000
0.75398 376638.00000
0.75531 377105.00000
0.75633 377717.00000
0.75719 378173.00000
0.75828 378619.00000
0.75922 379208.00000
0.76031 379668.00000
0.76101 380129.00000
0.76227 380575.00000
0.76344 381176.00000
0.76430 381641.00000
0.76531 382092.00000
0.76664 382703.00000
0.76734 383179.00000
0.76774 383613.00000
0.76938 384063.00000
0.77016 384668.00000
0.77125 385116.00000
0.77203 385590.00000
0.77336 386182.00000
0.77414 386642.00000
0.77516 387100.00000
0.77664 387556.00000
0.77743 388158.00000
0.77813 388608.00000
0.77946 389053.00000
0.78063 389504.00000
0.78126 390119.00000
0.78266 390573.00000
0.78368 391040.00000
0.78469 391661.00000
0.78524 392103.00000
0.78610 392574.00000
0.78735 393027.00000
0.78798 393469.00000
0.78884 393913.00000
0.79009 394365.00000
0.79118 394966.00000
0.79204 395428.00000
0.79282 395874.00000
0.79431 396330.00000
0.79509 396933.00000
0.79595 397398.00000
0.79751 397857.00000
0.79829 398454.00000
0.79892 398926.00000
0.79986 399367.00000
0.80134 399830.00000
0.80220 400423.00000
0.80329 400874.00000
0.80392 401343.00000
0.80548 401797.00000
0.80611 402415.00000
0.80720 402855.00000
0.80837 403301.00000
0.80947 403913.00000
0.80994 404370.00000
0.81127 404826.00000
0.81236 405273.00000
0.81322 405883.00000
0.81416 406341.00000
0.81564 406807.00000
0.81658 407419.00000
0.81728 407852.00000
0.81853 408310.00000
0.81955 408751.00000
0.82025 409362.00000
0.82150 409842.00000
0.82213 410277.00000
0.82361 410887.00000
0.82393 411195.00000
0.82526 411656.00000
0.82627 412108.00000
0.82713 412695.00000
0.82830 413155.00000
0.82885 413614.00000
0.83034 414070.00000
0.83112 414690.00000
0.83190 415132.00000
0.83346 415593.00000
0.83424 416195.00000
0.83565 416653.00000
0.83596 417123.00000
0.83745 417553.00000
0.83823 418155.00000
0.83948 418610.00000
0.84050 419068.00000
0.84081 419682.00000
0.84214 420143.00000
0.84331 420592.00000
0.84432 421048.00000
0.84511 421663.00000
0.84628 422118.00000
0.84737 422566.00000
0.84839 423165.00000
0.84956 423611.00000
0.85011 424082.00000
0.85128 424536.00000
0.85237 425133.00000
0.85339 425602.00000
0.85409 426039.00000
0.85542 426513.00000
0.85636 427103.00000
0.85738 427552.00000
0.85800 428023.00000
0.85902 428462.00000
0.86011 428924.00000
0.86121 429388.00000
0.86199 429844.00000
0.86332 430458.00000
0.86394 430907.00000
0.86535 431381.00000
0.86621 431979.00000
0.86691 432423.00000
0.86808 432887.00000
0.86910 433322.00000
0.87051 433936.00000
0.87129 434394.00000
0.87254 434841.00000
0.87324 435443.00000
0.87441 435908.00000
0.87488 436366.00000
0.87621 436818.00000
0.87746 437419.00000
0.87832 437878.00000
0.87910 438334.00000
0.88020 438793.00000
0.88113 439390.00000
0.88223 439843.00000
0.88285 440300.00000
0.88449 440913.00000
0.88520 441377.00000
0.88637 441804.00000
0.88731 442260.00000
0.88840 442867.00000
0.88942 443322.00000
0.89051 443791.00000
0.89137 444391.00000
0.89247 444841.00000
0.89348 445294.00000
0.89450 445754.00000
0.89512 446235.00000
0.89598 446658.00000
0.89731 447114.00000
0.89825 447716.00000
0.89934 448172.00000
0.89989 448650.00000
0.90122 449082.00000
0.90231 449689.00000
0.90349 450150.00000
0.90435 450609.00000
0.90536 451087.00000
0.90646 451666.00000
0.90739 452114.00000
0.90833 452573.00000
0.90927 453177.00000
0.91044 453643.00000
0.91114 454093.00000
0.91239 454542.00000
0.91318 455153.00000
0.91411 455626.00000
0.91552 456075.00000
0.91615 456668.00000
0.91724 457134.00000
0.91787 457565.00000
0.91927 458027.00000
0.92044 458632.00000
0.92115 459089.00000
0.92263 459561.00000
0.92357 460172.00000
0.92443 460631.00000
0.92529 461071.00000
0.92646 461518.00000
0.92732 462119.00000
0.92842 462585.00000
0.92928 463038.00000
0.93021 463489.00000
0.93139 463939.00000
0.93201 464410.00000
0.93318 464853.00000
0.93436 465474.00000
0.93467 465915.00000
0.93607 466361.00000
0.93756 466828.00000
0.93819 467435.00000
0.93944 467894.00000
0.94053 468350.00000
0.94131 468954.00000
0.94217 469420.00000
0.94303 469884.00000
0.94420 470337.00000
0.94538 470922.00000
0.94647 471379.00000
0.94756 471831.00000
0.94842 472427.00000
0.94952 472905.00000
0.94999 473338.00000
0.95155 473791.00000
0.95233 474394.00000
0.95327 474857.00000
0.95421 475329.00000
0.95553 475761.00000
0.95616 476360.00000
0.95725 476827.00000
0.95858 477281.00000
0.95921 477892.00000
0.96061 478357.00000
0.96132 478799.00000
0.96233 479254.00000
0.96351 479877.00000
0.96429 480333.00000
0.96523 480779.00000
0.96609 481224.00000
0.96718 481674.00000
0.96788 482125.00000
0.96937 482603.00000
0.97031 483189.00000
0.97117 483646.00000
0.97242 484104.00000
0.97335 484721.00000
0.97413 485169.00000
0.97523 485623.00000
0.97617 486062.00000
0.97726 486666.00000
0.97851 487141.00000
0.97914 487596.00000
0.98039 488051.00000
0.98101 488671.00000
0.98265 489118.00000
0.98351 489576.00000
0.98437 490168.00000
0.98523 490620.00000
0.98640 491089.00000
0.98758 491534.00000
0.98844 492148.00000
0.98930 492605.00000
0.99000 493053.00000
0.99086 493654.00000
0.99250 494118.00000
0.99352 494574.00000
0.99453 495028.00000
0.99555 495622.00000
0.99672 496075.00000
